check_id,dataset,check_severity,column,match,similarity,model_rule_id,model_keyword,model_check_function,model_has_condition,keyword_agrees,check_sentence,model_sentence
META-declaration-drift,cost_and_usage,INFO,SchemaMetadata,unmatched,0.377,CapacityReservationStatus-C-008-C,MUST,,False,,"A FOCUS dataset MAY include columns beyond those required at the declared version; the declared version is a floor. (Observed behaviour, reported as INFO — see finding F27.)","CapacityReservationStatus MUST be ""Used"" when the charge represents the used portion of a capacity reservation."
AV-ChargeCategory,cost_and_usage,FAIL,ChargeCategory,exact,1.0,ChargeCategory-C-003-M,MUST,OR,False,True,ChargeCategory MUST be one of the allowed values.,ChargeCategory MUST be one of the allowed values.
AV-ChargeFrequency,cost_and_usage,FAIL,ChargeFrequency,exact,1.0,ChargeFrequency-C-003-M,MUST,OR,False,True,ChargeFrequency MUST be one of the allowed values.,ChargeFrequency MUST be one of the allowed values.
AV-PricingCategory,cost_and_usage,FAIL,PricingCategory,exact,1.0,PricingCategory-C-007-M,MUST,OR,False,True,PricingCategory MUST be one of the allowed values.,PricingCategory MUST be one of the allowed values.
AV-CommitmentDiscountCategory,cost_and_usage,FAIL,CommitmentDiscountCategory,exact,1.0,CommitmentDiscountCategory-C-005-M,MUST,OR,False,True,CommitmentDiscountCategory MUST be one of the allowed values.,CommitmentDiscountCategory MUST be one of the allowed values.
AV-CommitmentDiscountStatus,cost_and_usage,FAIL,CommitmentDiscountStatus,exact,1.0,CommitmentDiscountStatus-C-005-M,MUST,OR,False,True,CommitmentDiscountStatus MUST be one of the allowed values.,CommitmentDiscountStatus MUST be one of the allowed values.
AV-CapacityReservationStatus,cost_and_usage,FAIL,CapacityReservationStatus,exact,1.0,CapacityReservationStatus-C-006-M,MUST,OR,False,True,CapacityReservationStatus MUST be one of the allowed values.,CapacityReservationStatus MUST be one of the allowed values.
AV-ServiceCategory,cost_and_usage,FAIL,ServiceCategory,exact,1.0,ServiceCategory-C-003-M,MUST,OR,False,True,ServiceCategory MUST be one of the allowed values.,ServiceCategory MUST be one of the allowed values.
PRESENCE-mandatory,cost_and_usage,FAIL,FeatureLevel,weak,0.553,CostAndUsage-D-008-M,MUST,ColumnPresent,False,True,Columns with Feature level 'Mandatory' MUST be present in a FOCUS dataset. Presence is distinct from nullability.,ChargeCategory MUST be present in a FOCUS dataset.
SVC-parent-map,cost_and_usage,FAIL,ServiceSubcategory,exact,1.0,ServiceSubcategory-C-003-M,MUST,OR,False,True,ServiceSubcategory MUST be one of the allowed values.,ServiceSubcategory MUST be one of the allowed values.
WARN-ResourceName-duplicates-ResourceId,cost_and_usage,WARN,ResourceName,exact,0.993,ResourceName-C-006-C,MUST NOT,,False,False,ResourceName MUST NOT duplicate ResourceId when the *resource* is not provisioned interactively or only has a system-generated ResourceId.,ResourceName MUST NOT duplicate ResourceId when the resource is not provisioned interactively or only has a system-generated ResourceId.
METRIC-nonneg-ContractedUnitPrice,cost_and_usage,FAIL,ContractedUnitPrice,exact,1.0,ContractedUnitPrice-C-009-C,MUST,CheckGreaterOrEqualThanValue,True,True,ContractedUnitPrice MUST be a non-negative decimal value.,ContractedUnitPrice MUST be a non-negative decimal value.
METRIC-nonneg-ListUnitPrice,cost_and_usage,FAIL,ListUnitPrice,exact,1.0,ListUnitPrice-C-008-M,MUST,CheckGreaterOrEqualThanValue,False,True,ListUnitPrice MUST be a non-negative decimal value.,ListUnitPrice MUST be a non-negative decimal value.
METRIC-nonneg-PricingCurrencyContractedUnitPrice,cost_and_usage,FAIL,PricingCurrencyContractedUnitPrice,exact,1.0,PricingCurrencyContractedUnitPrice-C-008-C,MUST,,True,True,PricingCurrencyContractedUnitPrice MUST be a non-negative decimal value.,PricingCurrencyContractedUnitPrice MUST be a non-negative decimal value.
METRIC-nonneg-PricingCurrencyListUnitPrice,cost_and_usage,FAIL,PricingCurrencyListUnitPrice,exact,1.0,PricingCurrencyListUnitPrice-C-008-M,MUST,CheckGreaterOrEqualThanValue,False,True,PricingCurrencyListUnitPrice MUST be a non-negative decimal value.,PricingCurrencyListUnitPrice MUST be a non-negative decimal value.
METRIC-product-ContractedCost,cost_and_usage,FAIL,ContractedCost,exact,1.0,ContractedCost-C-009-C,MUST,,True,True,"The product of ContractedUnitPrice and PricingQuantity MUST match the ContractedCost when ContractedUnitPrice is not null, PricingQuantity is not null, and [ChargeClass](#chargeclass) is not ""Correction"".","The product of ContractedUnitPrice and PricingQuantity MUST match the ContractedCost when ContractedUnitPrice is not null, PricingQuantity is not null, and ChargeClass is not ""Correction""."
METRIC-product-ListCost,cost_and_usage,FAIL,ListCost,exact,1.0,ListCost-C-009-C,MUST,ColumnByColumnEqualsColumnValue,True,True,"The product of ListUnitPrice and PricingQuantity MUST match the ListCost when ListUnitPrice is not null, PricingQuantity is not null, and [ChargeClass](#chargeclass) is not ""Correction"".","The product of ListUnitPrice and PricingQuantity MUST match the ListCost when ListUnitPrice is not null, PricingQuantity is not null, and ChargeClass is not ""Correction""."
COMMIT-closure-F10,cost_and_usage,WARN,EffectiveCost,exact,1.0,EffectiveCost-C-012-C,MUST,,True,False,"The sum of EffectiveCost where ChargeCategory is ""Usage"" MUST equal the sum of BilledCost where ChargeCategory is ""Purchase"".","The sum of EffectiveCost where ChargeCategory is ""Usage"" MUST equal the sum of BilledCost where ChargeCategory is ""Purchase""."
COMMIT-split-F24,cost_and_usage,FAIL,EffectiveCost,exact,1.0,EffectiveCost-C-013-C,MUST,,True,True,"The sum of EffectiveCost where ChargeCategory is ""Usage"" MUST equal the sum of EffectiveCost where ChargeCategory is ""Usage"" and [CommitmentDiscountStatus](#commitmentdiscountstatus) is ""Used"", plus the sum of EffectiveCost where ChargeCategory is ""Usage"" and CommitmentDiscountStatus is ""Unused"".","The sum of EffectiveCost where ChargeCategory is ""Usage"" MUST equal the sum of EffectiveCost where ChargeCategory is ""Usage"" and CommitmentDiscountStatus is ""Used"", plus the sum of EffectiveCost where ChargeCategory is ""Usage"" and CommitmentDiscountStatus is ""Unused""."
XCOL-ChargeClass-Correction,cost_and_usage,FAIL,ChargeClass,exact,1.0,ChargeClass-C-005-C,MUST,CheckValue,True,True,"ChargeClass MUST be ""Correction"" when ChargeClass is not null.","ChargeClass MUST be ""Correction"" when ChargeClass is not null."
XCOL-ChargeFrequency-Usage-Based,cost_and_usage,FAIL,ChargeFrequency,exact,1.0,ChargeFrequency-C-004-C,MUST NOT,CheckNotValue,True,True,"ChargeFrequency MUST NOT be ""Usage-Based"" when [ChargeCategory](#chargecategory) is ""Purchase"".","ChargeFrequency MUST NOT be ""Usage-Based"" when ChargeCategory is ""Purchase""."
FMT-ISO4217-BillingCurrency,cost_and_usage,FAIL,BillingCurrency,exact,1.0,BillingCurrency-C-006-M,MUST,CheckNationalCurrency,False,True,"BillingCurrency MUST be expressed in national currency (e.g., USD, EUR).","BillingCurrency MUST be expressed in national currency (e.g., USD, EUR)."
PERIOD-ordering,cost_and_usage,FAIL,ChargePeriodEnd,exact,0.977,ChargePeriodEnd-C-004-M,MUST,,False,True,ChargePeriodEnd MUST be the *exclusive end bound* of the effective period of the *charge*.,ChargePeriodEnd MUST be the exclusive end bound of the effective period of the charge.
SKU-key-prefix,cost_and_usage,FAIL,SkuPriceDetails,exact,1.0,SkuPriceDetails-C-017-C,MUST,,False,True,"Property key MUST begin with the string ""x_"" unless it is a FOCUS-defined property.","Property key MUST begin with the string ""x_"" unless it is a FOCUS-defined property."
SKU-value-type,cost_and_usage,FAIL,SkuPriceDetails,exact,1.0,SkuPriceDetails-C-021-M,MUST,,False,True,Property value MUST be of the type specified for that property.,Property value MUST be of the type specified for that property.
LC-billing_period-presence,billing_period,FAIL,billing_period,weak,0.524,BIP-BillingPeriodLastUpdated-C-005-M,MUST,CheckColumnComparison,False,True,Columns with Feature level 'Mandatory' MUST be present in a FOCUS billing_period dataset.,BillingPeriodLastUpdated MUST be greater than or equal to BillingPeriodCreated.
LC-billing_period-AV-BillingPeriodStatus,billing_period,FAIL,BillingPeriodStatus,exact,1.0,BIP-BillingPeriodStatus-C-003-M,MUST,OR,False,True,BillingPeriodStatus MUST be one of the allowed values.,BillingPeriodStatus MUST be one of the allowed values.
LC-billing_period-NULL-BillingPeriodCreated-notnull0,billing_period,FAIL,BillingPeriodCreated,exact,1.0,BIP-BillingPeriodCreated-C-003-M,MUST NOT,CheckNotValue,False,True,BillingPeriodCreated MUST NOT be null.,BillingPeriodCreated MUST NOT be null.
LC-billing_period-NULL-BillingPeriodEnd-notnull1,billing_period,FAIL,BillingPeriodEnd,exact,1.0,BIP-BillingPeriodEnd-C-003-M,MUST NOT,CheckNotValue,False,True,BillingPeriodEnd MUST NOT be null.,BillingPeriodEnd MUST NOT be null.
LC-billing_period-NULL-BillingPeriodLastUpdated-notnull2,billing_period,FAIL,BillingPeriodLastUpdated,exact,1.0,BIP-BillingPeriodLastUpdated-C-003-M,MUST NOT,CheckNotValue,False,True,BillingPeriodLastUpdated MUST NOT be null.,BillingPeriodLastUpdated MUST NOT be null.
LC-billing_period-NULL-BillingPeriodStart-notnull3,billing_period,FAIL,BillingPeriodStart,exact,1.0,BIP-BillingPeriodStart-C-003-M,MUST NOT,CheckNotValue,False,True,BillingPeriodStart MUST NOT be null.,BillingPeriodStart MUST NOT be null.
LC-billing_period-NULL-BillingPeriodStatus-notnull4,billing_period,FAIL,BillingPeriodStatus,exact,1.0,BIP-BillingPeriodStatus-C-002-M,MUST NOT,CheckNotValue,False,True,BillingPeriodStatus MUST NOT be null.,BillingPeriodStatus MUST NOT be null.
LC-billing_period-NULL-InvoiceIssuerName-notnull5,billing_period,FAIL,InvoiceIssuerName,exact,1.0,BIP-InvoiceIssuerName-C-003-M,MUST NOT,CheckNotValue,False,True,InvoiceIssuerName MUST NOT be null.,InvoiceIssuerName MUST NOT be null.
LC-contract_commitment-presence,contract_commitment,FAIL,contract_commitment,weak,0.552,CCT-ContractCommitment-D-016-C,MUST,,False,True,Columns with Feature level 'Mandatory' MUST be present in a FOCUS contract_commitment dataset.,ContractCommitment MUST be present when the service provider supports contract commitments.
LC-contract_commitment-AV-ContractCommitmentBenefitCategory,contract_commitment,FAIL,ContractCommitmentBenefitCategory,exact,1.0,CCT-ContractCommitmentBenefitCategory-C-003-M,MUST,OR,False,True,ContractCommitmentBenefitCategory MUST be one of the allowed values.,ContractCommitmentBenefitCategory MUST be one of the allowed values.
LC-contract_commitment-AV-ContractCommitmentCategory,contract_commitment,FAIL,ContractCommitmentCategory,exact,1.0,CCT-ContractCommitmentCategory-C-003-M,MUST,OR,False,True,ContractCommitmentCategory MUST be one of the allowed values.,ContractCommitmentCategory MUST be one of the allowed values.
LC-contract_commitment-AV-ContractCommitmentFulfillmentInterval,contract_commitment,FAIL,ContractCommitmentFulfillmentInterval,exact,1.0,CCT-ContractCommitmentFulfillmentInterval-C-003-M,MUST,OR,False,True,ContractCommitmentFulfillmentInterval MUST be one of the allowed values.,ContractCommitmentFulfillmentInterval MUST be one of the allowed values.
LC-contract_commitment-AV-ContractCommitmentLifecycleStatus,contract_commitment,FAIL,ContractCommitmentLifecycleStatus,exact,1.0,CCT-ContractCommitmentLifecycleStatus-C-003-M,MUST,OR,False,True,ContractCommitmentLifecycleStatus MUST be one of the allowed values.,ContractCommitmentLifecycleStatus MUST be one of the allowed values.
LC-contract_commitment-AV-ContractCommitmentModel,contract_commitment,FAIL,ContractCommitmentModel,exact,1.0,CCT-ContractCommitmentModel-C-003-M,MUST,OR,False,True,ContractCommitmentModel MUST be one of the allowed values.,ContractCommitmentModel MUST be one of the allowed values.
LC-contract_commitment-AV-ContractCommitmentOfferCategory,contract_commitment,FAIL,ContractCommitmentOfferCategory,exact,1.0,CCT-ContractCommitmentOfferCategory-C-003-M,MUST,OR,False,True,ContractCommitmentOfferCategory MUST be one of the allowed values.,ContractCommitmentOfferCategory MUST be one of the allowed values.
LC-contract_commitment-AV-ContractCommitmentPaymentInterval,contract_commitment,FAIL,ContractCommitmentPaymentInterval,exact,1.0,CCT-ContractCommitmentPaymentInterval-C-003-M,MUST,OR,False,True,ContractCommitmentPaymentInterval MUST be one of the allowed values.,ContractCommitmentPaymentInterval MUST be one of the allowed values.
LC-contract_commitment-AV-ContractCommitmentPaymentModel,contract_commitment,FAIL,ContractCommitmentPaymentModel,exact,1.0,CCT-ContractCommitmentPaymentModel-C-003-M,MUST,OR,False,True,ContractCommitmentPaymentModel MUST be one of the allowed values.,ContractCommitmentPaymentModel MUST be one of the allowed values.
LC-contract_commitment-NULL-BillingCurrency-notnull0,contract_commitment,FAIL,BillingCurrency,exact,1.0,CCT-BillingCurrency-C-004-C,MUST NOT,CheckNotValue,True,True,"BillingCurrency MUST NOT be null when [ContractCommitmentCategory](#datasets.contractcommitment.contractcommitmentcategory) is ""Spend"".","BillingCurrency MUST NOT be null when ContractCommitmentCategory is ""Spend""."
LC-contract_commitment-NULL-ContractCommitmentApplicability-notnull1,contract_commitment,FAIL,ContractCommitmentApplicability,exact,1.0,CCT-ContractCommitmentApplicability-C-005-M,MUST NOT,CheckNotValue,False,True,ContractCommitmentApplicability MUST NOT be null.,ContractCommitmentApplicability MUST NOT be null.
LC-contract_commitment-NULL-ContractCommitmentBenefitCategory-notnull2,contract_commitment,FAIL,ContractCommitmentBenefitCategory,exact,1.0,CCT-ContractCommitmentBenefitCategory-C-002-M,MUST NOT,CheckNotValue,False,True,ContractCommitmentBenefitCategory MUST NOT be null.,ContractCommitmentBenefitCategory MUST NOT be null.
LC-contract_commitment-NULL-ContractCommitmentCategory-notnull3,contract_commitment,FAIL,ContractCommitmentCategory,exact,1.0,CCT-ContractCommitmentCategory-C-002-M,MUST NOT,CheckNotValue,False,True,ContractCommitmentCategory MUST NOT be null.,ContractCommitmentCategory MUST NOT be null.
LC-contract_commitment-NULL-ContractCommitmentCost-notnull4,contract_commitment,FAIL,ContractCommitmentCost,exact,1.0,CCT-ContractCommitmentCost-C-004-C,MUST NOT,CheckNotValue,True,True,"ContractCommitmentCost MUST NOT be null when [ContractCommitmentCategory](#datasets.contractcommitment.contractcommitmentcategory) is ""Spend"".","ContractCommitmentCost MUST NOT be null when ContractCommitmentCategory is ""Spend""."
LC-contract_commitment-NULL-ContractCommitmentCreated-notnull5,contract_commitment,FAIL,ContractCommitmentCreated,exact,1.0,CCT-ContractCommitmentCreated-C-003-M,MUST NOT,CheckNotValue,False,True,ContractCommitmentCreated MUST NOT be null.,ContractCommitmentCreated MUST NOT be null.
LC-contract_commitment-NULL-ContractCommitmentDescription-notnull-should6,contract_commitment,WARN,ContractCommitmentDescription,exact,1.0,CCT-ContractCommitmentDescription-C-003-O,SHOULD NOT,CheckNotValue,False,True,ContractCommitmentDescription SHOULD NOT be null.,ContractCommitmentDescription SHOULD NOT be null.
LC-contract_commitment-NULL-ContractCommitmentDiscountPercentage-notnull7,contract_commitment,FAIL,ContractCommitmentDiscountPercentage,exact,1.0,CCT-ContractCommitmentDiscountPercentage-C-004-C,MUST NOT,CheckNotValue,True,True,"ContractCommitmentDiscountPercentage MUST NOT be null when [ContractCommitmentBenefitCategory](#datasets.contractcommitment.contractcommitmentbenefitcategory) is ""Discount"".","ContractCommitmentDiscountPercentage MUST NOT be null when ContractCommitmentBenefitCategory is ""Discount""."
LC-contract_commitment-NULL-ContractCommitmentDiscountPercentage-null8,contract_commitment,FAIL,ContractCommitmentDiscountPercentage,exact,1.0,CCT-ContractCommitmentDiscountPercentage-C-005-C,MUST,CheckValue,True,True,"ContractCommitmentDiscountPercentage MUST be null when ContractCommitmentBenefitCategory is ""Availability"".","ContractCommitmentDiscountPercentage MUST be null when ContractCommitmentBenefitCategory is ""Availability""."
LC-contract_commitment-NULL-ContractCommitmentDurationType-notnull9,contract_commitment,FAIL,ContractCommitmentDurationType,exact,1.0,CCT-ContractCommitmentDurationType-C-003-M,MUST NOT,CheckNotValue,False,True,ContractCommitmentDurationType MUST NOT be null.,ContractCommitmentDurationType MUST NOT be null.
LC-contract_commitment-NULL-ContractCommitmentFulfillmentInterval-notnull10,contract_commitment,FAIL,ContractCommitmentFulfillmentInterval,exact,1.0,CCT-ContractCommitmentFulfillmentInterval-C-002-M,MUST NOT,CheckNotValue,False,True,ContractCommitmentFulfillmentInterval MUST NOT be null.,ContractCommitmentFulfillmentInterval MUST NOT be null.
LC-contract_commitment-NULL-ContractCommitmentId-notnull11,contract_commitment,FAIL,ContractCommitmentId,exact,1.0,CCT-ContractCommitmentId-C-003-M,MUST NOT,CheckNotValue,False,True,ContractCommitmentId MUST NOT be null.,ContractCommitmentId MUST NOT be null.
LC-contract_commitment-NULL-ContractCommitmentLastUpdated-notnull12,contract_commitment,FAIL,ContractCommitmentLastUpdated,exact,1.0,CCT-ContractCommitmentLastUpdated-C-003-M,MUST NOT,CheckNotValue,False,True,ContractCommitmentLastUpdated MUST NOT be null.,ContractCommitmentLastUpdated MUST NOT be null.
LC-contract_commitment-NULL-ContractCommitmentLifecycleStatus-notnull13,contract_commitment,FAIL,ContractCommitmentLifecycleStatus,exact,1.0,CCT-ContractCommitmentLifecycleStatus-C-002-M,MUST NOT,CheckNotValue,False,True,ContractCommitmentLifecycleStatus MUST NOT be null.,ContractCommitmentLifecycleStatus MUST NOT be null.
LC-contract_commitment-NULL-ContractCommitmentModel-notnull14,contract_commitment,FAIL,ContractCommitmentModel,exact,1.0,CCT-ContractCommitmentModel-C-002-M,MUST NOT,CheckNotValue,False,True,ContractCommitmentModel MUST NOT be null.,ContractCommitmentModel MUST NOT be null.
LC-contract_commitment-NULL-ContractCommitmentOfferCategory-notnull15,contract_commitment,FAIL,ContractCommitmentOfferCategory,exact,1.0,CCT-ContractCommitmentOfferCategory-C-002-M,MUST NOT,CheckNotValue,False,True,ContractCommitmentOfferCategory MUST NOT be null.,ContractCommitmentOfferCategory MUST NOT be null.
LC-contract_commitment-NULL-ContractCommitmentPaymentInterval-notnull16,contract_commitment,FAIL,ContractCommitmentPaymentInterval,exact,1.0,CCT-ContractCommitmentPaymentInterval-C-002-M,MUST NOT,CheckNotValue,False,True,ContractCommitmentPaymentInterval MUST NOT be null.,ContractCommitmentPaymentInterval MUST NOT be null.
LC-contract_commitment-NULL-ContractCommitmentPaymentModel-notnull17,contract_commitment,FAIL,ContractCommitmentPaymentModel,exact,1.0,CCT-ContractCommitmentPaymentModel-C-002-M,MUST NOT,CheckNotValue,False,True,ContractCommitmentPaymentModel MUST NOT be null.,ContractCommitmentPaymentModel MUST NOT be null.
LC-contract_commitment-NULL-ContractCommitmentPaymentUpfrontPercentage-notnull18,contract_commitment,FAIL,ContractCommitmentPaymentUpfrontPercentage,exact,1.0,CCT-ContractCommitmentPaymentUpfrontPercentage-C-003-M,MUST NOT,CheckNotValue,False,True,ContractCommitmentPaymentUpfrontPercentage MUST NOT be null.,ContractCommitmentPaymentUpfrontPercentage MUST NOT be null.
LC-contract_commitment-NULL-ContractCommitmentPeriodEnd-notnull19,contract_commitment,FAIL,ContractCommitmentPeriodEnd,exact,1.0,CCT-ContractCommitmentPeriodEnd-C-003-M,MUST NOT,CheckNotValue,False,True,ContractCommitmentPeriodEnd MUST NOT be null.,ContractCommitmentPeriodEnd MUST NOT be null.
LC-contract_commitment-NULL-ContractCommitmentPeriodStart-notnull20,contract_commitment,FAIL,ContractCommitmentPeriodStart,exact,1.0,CCT-ContractCommitmentPeriodStart-C-003-M,MUST NOT,CheckNotValue,False,True,ContractCommitmentPeriodStart MUST NOT be null.,ContractCommitmentPeriodStart MUST NOT be null.
LC-contract_commitment-NULL-ContractCommitmentQuantity-notnull21,contract_commitment,FAIL,ContractCommitmentQuantity,exact,1.0,CCT-ContractCommitmentQuantity-C-004-C,MUST NOT,CheckNotValue,True,True,"ContractCommitmentQuantity MUST NOT be null when [ContractCommitmentCategory](#datasets.contractcommitment.contractcommitmentcategory) is ""Usage"".","ContractCommitmentQuantity MUST NOT be null when ContractCommitmentCategory is ""Usage""."
LC-contract_commitment-NULL-ContractCommitmentType-notnull22,contract_commitment,FAIL,ContractCommitmentType,exact,1.0,CCT-ContractCommitmentType-C-003-M,MUST NOT,CheckNotValue,False,True,ContractCommitmentType MUST NOT be null.,ContractCommitmentType MUST NOT be null.
LC-contract_commitment-NULL-ContractCommitmentUnit-null23,contract_commitment,FAIL,ContractCommitmentUnit,exact,1.0,CCT-ContractCommitmentUnit-C-005-C,MUST,CheckValue,True,True,ContractCommitmentUnit MUST be null when ContractCommitmentQuantity is null.,ContractCommitmentUnit MUST be null when ContractCommitmentQuantity is null.
LC-contract_commitment-NULL-ContractCommitmentUnit-notnull24,contract_commitment,FAIL,ContractCommitmentUnit,exact,1.0,CCT-ContractCommitmentUnit-C-006-C,MUST NOT,CheckNotValue,True,True,ContractCommitmentUnit MUST NOT be null when ContractCommitmentQuantity is not null.,ContractCommitmentUnit MUST NOT be null when ContractCommitmentQuantity is not null.
LC-contract_commitment-NULL-ContractId-notnull25,contract_commitment,FAIL,ContractId,exact,1.0,CCT-ContractId-C-003-M,MUST NOT,CheckNotValue,False,True,ContractId MUST NOT be null.,ContractId MUST NOT be null.
LC-contract_commitment-NULL-ContractPeriodEnd-notnull26,contract_commitment,FAIL,ContractPeriodEnd,exact,1.0,CCT-ContractPeriodEnd-C-003-M,MUST NOT,CheckNotValue,False,True,ContractPeriodEnd MUST NOT be null.,ContractPeriodEnd MUST NOT be null.
LC-contract_commitment-NULL-ContractPeriodStart-notnull27,contract_commitment,FAIL,ContractPeriodStart,exact,1.0,CCT-ContractPeriodStart-C-003-M,MUST NOT,CheckNotValue,False,True,ContractPeriodStart MUST NOT be null.,ContractPeriodStart MUST NOT be null.
LC-contract_commitment-NULL-InvoiceIssuerName-notnull28,contract_commitment,FAIL,InvoiceIssuerName,exact,1.0,CCT-InvoiceIssuerName-C-003-M,MUST NOT,CheckNotValue,False,True,InvoiceIssuerName MUST NOT be null.,InvoiceIssuerName MUST NOT be null.
LC-contract_commitment-NULL-PricingCurrency-notnull29,contract_commitment,FAIL,PricingCurrency,exact,1.0,CCT-PricingCurrency-C-004-M,MUST NOT,CheckNotValue,False,True,PricingCurrency MUST NOT be null.,PricingCurrency MUST NOT be null.
LC-contract_commitment-NULL-ServiceProviderName-notnull30,contract_commitment,FAIL,ServiceProviderName,exact,1.0,CCT-ServiceProviderName-C-003-M,MUST NOT,CheckNotValue,False,True,ServiceProviderName MUST NOT be null.,ServiceProviderName MUST NOT be null.
LC-invoice_detail-presence,invoice_detail,FAIL,invoice_detail,weak,0.524,IND-InvoiceDetailLastUpdated-C-005-M,MUST,CheckColumnComparison,False,True,Columns with Feature level 'Mandatory' MUST be present in a FOCUS invoice_detail dataset.,InvoiceDetailLastUpdated MUST be greater than or equal to InvoiceDetailCreated.
LC-invoice_detail-AV-ChargeCategory,invoice_detail,FAIL,ChargeCategory,exact,1.0,IND-ChargeCategory-C-003-M,MUST,OR,False,True,ChargeCategory MUST be one of the allowed values.,ChargeCategory MUST be one of the allowed values.
LC-invoice_detail-AV-InvoiceIssueStatus,invoice_detail,FAIL,InvoiceIssueStatus,exact,1.0,IND-InvoiceIssueStatus-C-004-M,MUST,OR,False,True,InvoiceIssueStatus MUST be one of the allowed values.,InvoiceIssueStatus MUST be one of the allowed values.
LC-invoice_detail-NULL-BilledCost-notnull0,invoice_detail,FAIL,BilledCost,exact,1.0,IND-BilledCost-C-003-M,MUST NOT,CheckNotValue,False,True,BilledCost MUST NOT be null.,BilledCost MUST NOT be null.
LC-invoice_detail-NULL-BillingAccountId-notnull1,invoice_detail,FAIL,BillingAccountId,exact,1.0,IND-BillingAccountId-C-003-M,MUST NOT,CheckNotValue,False,True,BillingAccountId MUST NOT be null.,BillingAccountId MUST NOT be null.
LC-invoice_detail-NULL-BillingCurrency-notnull2,invoice_detail,FAIL,BillingCurrency,exact,1.0,IND-BillingCurrency-C-004-M,MUST NOT,CheckNotValue,False,True,BillingCurrency MUST NOT be null.,BillingCurrency MUST NOT be null.
LC-invoice_detail-NULL-BillingPeriodEnd-notnull3,invoice_detail,FAIL,BillingPeriodEnd,exact,1.0,IND-BillingPeriodEnd-C-003-M,MUST NOT,CheckNotValue,False,True,BillingPeriodEnd MUST NOT be null.,BillingPeriodEnd MUST NOT be null.
LC-invoice_detail-NULL-BillingPeriodStart-notnull4,invoice_detail,FAIL,BillingPeriodStart,exact,1.0,IND-BillingPeriodStart-C-003-M,MUST NOT,CheckNotValue,False,True,BillingPeriodStart MUST NOT be null.,BillingPeriodStart MUST NOT be null.
LC-invoice_detail-NULL-ChargeCategory-notnull5,invoice_detail,FAIL,ChargeCategory,exact,1.0,IND-ChargeCategory-C-002-M,MUST NOT,CheckNotValue,False,True,ChargeCategory MUST NOT be null.,ChargeCategory MUST NOT be null.
LC-invoice_detail-NULL-InvoiceDetailCreated-notnull6,invoice_detail,FAIL,InvoiceDetailCreated,exact,1.0,IND-InvoiceDetailCreated-C-003-M,MUST NOT,CheckNotValue,False,True,InvoiceDetailCreated MUST NOT be null.,InvoiceDetailCreated MUST NOT be null.
LC-invoice_detail-NULL-InvoiceDetailDescription-notnull-should7,invoice_detail,WARN,InvoiceDetailDescription,exact,1.0,IND-InvoiceDetailDescription-C-003-O,SHOULD NOT,CheckNotValue,False,True,InvoiceDetailDescription SHOULD NOT be null.,InvoiceDetailDescription SHOULD NOT be null.
LC-invoice_detail-NULL-InvoiceDetailId-notnull8,invoice_detail,FAIL,InvoiceDetailId,exact,1.0,IND-InvoiceDetailId-C-003-M,MUST NOT,CheckNotValue,False,True,InvoiceDetailId MUST NOT be null.,InvoiceDetailId MUST NOT be null.
LC-invoice_detail-NULL-InvoiceDetailLastUpdated-notnull9,invoice_detail,FAIL,InvoiceDetailLastUpdated,exact,1.0,IND-InvoiceDetailLastUpdated-C-003-M,MUST NOT,CheckNotValue,False,True,InvoiceDetailLastUpdated MUST NOT be null.,InvoiceDetailLastUpdated MUST NOT be null.
LC-invoice_detail-NULL-InvoiceId-notnull10,invoice_detail,FAIL,InvoiceId,exact,1.0,IND-InvoiceId-C-003-M,MUST NOT,CheckNotValue,False,True,InvoiceId MUST NOT be null.,InvoiceId MUST NOT be null.
LC-invoice_detail-NULL-InvoiceIssueStatus-notnull11,invoice_detail,FAIL,InvoiceIssueStatus,exact,1.0,IND-InvoiceIssueStatus-C-003-M,MUST NOT,CheckNotValue,False,True,InvoiceIssueStatus MUST NOT be null.,InvoiceIssueStatus MUST NOT be null.
LC-invoice_detail-NULL-InvoiceIssuerName-notnull12,invoice_detail,FAIL,InvoiceIssuerName,exact,1.0,IND-InvoiceIssuerName-C-003-M,MUST NOT,CheckNotValue,False,True,InvoiceIssuerName MUST NOT be null.,InvoiceIssuerName MUST NOT be null.
LC-invoice_detail-NULL-PaymentCurrency-notnull13,invoice_detail,FAIL,PaymentCurrency,exact,1.0,IND-PaymentCurrency-C-003-M,MUST NOT,CheckNotValue,False,True,PaymentCurrency MUST NOT be null.,PaymentCurrency MUST NOT be null.
LC-invoice_detail-NULL-PaymentCurrencyBilledCost-notnull14,invoice_detail,FAIL,PaymentCurrencyBilledCost,exact,1.0,IND-PaymentCurrencyBilledCost-C-003-M,MUST NOT,CheckNotValue,False,True,PaymentCurrencyBilledCost MUST NOT be null.,PaymentCurrencyBilledCost MUST NOT be null.
LC-invoice_detail-NULL-PaymentCurrencyInvoiceDetailId-notnull15,invoice_detail,FAIL,PaymentCurrencyInvoiceDetailId,exact,1.0,IND-PaymentCurrencyInvoiceDetailId-C-003-M,MUST NOT,CheckNotValue,False,True,PaymentCurrencyInvoiceDetailId MUST NOT be null.,PaymentCurrencyInvoiceDetailId MUST NOT be null.
LC-invoice_detail-NULL-PaymentTerms-notnull16,invoice_detail,FAIL,PaymentTerms,exact,1.0,IND-PaymentTerms-C-003-M,MUST NOT,CheckNotValue,False,True,PaymentTerms MUST NOT be null.,PaymentTerms MUST NOT be null.
LC-invoice_detail-NULL-ReferenceInvoiceId-notnull17,invoice_detail,FAIL,ReferenceInvoiceId,exact,1.0,IND-ReferenceInvoiceId-C-003-M,MUST NOT,CheckNotValue,False,True,ReferenceInvoiceId MUST NOT be null.,ReferenceInvoiceId MUST NOT be null.
EMPTY-STRING-focus-columns,cost_and_usage,FAIL,NullHandling,exact,1.0,NullHandling-A-002-M,MUST NOT,,False,True,"Columns MUST NOT use empty strings or placeholder values such as 0 for numeric columns or ""Not Applicable"" for string columns to represent a null or not having a value, regardless of whether the column allows nulls or not.","Columns MUST NOT use empty strings or placeholder values such as 0 for numeric columns or “Not Applicable” for string columns to represent a null or not having a value, regardless of whether the column allows nulls or not."
EMPTY-STRING-custom-columns,cost_and_usage,WARN,StringHandling,exact,1.0,StringHandling-A-007-M,SHOULD NOT,,False,True,Empty strings and strings consisting solely of spaces SHOULD NOT be used in not-nullable string columns.,Empty strings and strings consisting solely of spaces SHOULD NOT be used in not-nullable string columns.
NULL-BilledCost-notnull0,cost_and_usage,FAIL,BilledCost,exact,1.0,BilledCost-C-003-M,MUST NOT,CheckNotValue,False,True,BilledCost MUST NOT be null.,BilledCost MUST NOT be null.
NULL-BillingAccountId-notnull1,cost_and_usage,FAIL,BillingAccountId,exact,1.0,BillingAccountId-C-001-M,MUST NOT,CheckNotValue,False,True,BillingAccountId MUST NOT be null.,BillingAccountId MUST NOT be null.
NULL-BillingAccountType-null2,cost_and_usage,FAIL,BillingAccountType,exact,1.0,BillingAccountType-C-004-C,MUST,CheckValue,True,True,BillingAccountType MUST be null when [BillingAccountId](#billingaccountid) is null.,BillingAccountType MUST be null when BillingAccountId is null.
NULL-BillingAccountType-notnull3,cost_and_usage,FAIL,BillingAccountType,exact,1.0,BillingAccountType-C-005-C,MUST NOT,CheckNotValue,True,True,BillingAccountType MUST NOT be null when BillingAccountId is not null.,BillingAccountType MUST NOT be null when BillingAccountId is not null.
NULL-BillingCurrency-notnull4,cost_and_usage,FAIL,BillingCurrency,exact,1.0,BillingCurrency-C-004-M,MUST NOT,CheckNotValue,False,True,BillingCurrency MUST NOT be null.,BillingCurrency MUST NOT be null.
NULL-BillingPeriodEnd-notnull5,cost_and_usage,FAIL,BillingPeriodEnd,exact,1.0,BillingPeriodEnd-C-003-M,MUST NOT,CheckNotValue,False,True,BillingPeriodEnd MUST NOT be null.,BillingPeriodEnd MUST NOT be null.
NULL-BillingPeriodStart-notnull6,cost_and_usage,FAIL,BillingPeriodStart,exact,1.0,BillingPeriodStart-C-003-M,MUST NOT,CheckNotValue,False,True,BillingPeriodStart MUST NOT be null.,BillingPeriodStart MUST NOT be null.
NULL-CapacityReservationStatus-null7,cost_and_usage,FAIL,CapacityReservationStatus,exact,1.0,CapacityReservationStatus-C-003-C,MUST,CheckValue,True,True,CapacityReservationStatus MUST be null when CapacityReservationId is null.,CapacityReservationStatus MUST be null when CapacityReservationId is null.
NULL-CapacityReservationStatus-notnull8,cost_and_usage,FAIL,CapacityReservationStatus,exact,1.0,CapacityReservationStatus-C-004-C,MUST NOT,CheckNotValue,True,True,"CapacityReservationStatus MUST NOT be null when CapacityReservationId is not null and [ChargeCategory](#chargecategory) is ""Usage"".","CapacityReservationStatus MUST NOT be null when CapacityReservationId is not null and ChargeCategory is ""Usage""."
NULL-ChargeCategory-notnull9,cost_and_usage,FAIL,ChargeCategory,exact,1.0,ChargeCategory-C-002-M,MUST NOT,CheckNotValue,False,True,ChargeCategory MUST NOT be null.,ChargeCategory MUST NOT be null.
NULL-ChargeDescription-notnull-should10,cost_and_usage,WARN,ChargeDescription,exact,1.0,ChargeDescription-C-003-O,SHOULD NOT,CheckNotValue,False,True,ChargeDescription SHOULD NOT be null.,ChargeDescription SHOULD NOT be null.
NULL-ChargeFrequency-notnull11,cost_and_usage,FAIL,ChargeFrequency,exact,1.0,ChargeFrequency-C-002-M,MUST NOT,CheckNotValue,False,True,ChargeFrequency MUST NOT be null.,ChargeFrequency MUST NOT be null.
NULL-ChargePeriodEnd-notnull12,cost_and_usage,FAIL,ChargePeriodEnd,exact,1.0,ChargePeriodEnd-C-003-M,MUST NOT,CheckNotValue,False,True,ChargePeriodEnd MUST NOT be null.,ChargePeriodEnd MUST NOT be null.
NULL-ChargePeriodStart-notnull13,cost_and_usage,FAIL,ChargePeriodStart,exact,1.0,ChargePeriodStart-C-003-M,MUST NOT,CheckNotValue,False,True,ChargePeriodStart MUST NOT be null.,ChargePeriodStart MUST NOT be null.
NULL-CommitmentDiscountCategory-null14,cost_and_usage,FAIL,CommitmentDiscountCategory,exact,1.0,CommitmentDiscountCategory-C-003-C,MUST,CheckValue,True,True,CommitmentDiscountCategory MUST be null when [CommitmentDiscountId](#commitmentdiscountid) is null.,CommitmentDiscountCategory MUST be null when CommitmentDiscountId is null.
NULL-CommitmentDiscountCategory-notnull15,cost_and_usage,FAIL,CommitmentDiscountCategory,exact,1.0,CommitmentDiscountCategory-C-004-C,MUST NOT,CheckNotValue,True,True,CommitmentDiscountCategory MUST NOT be null when CommitmentDiscountId is not null.,CommitmentDiscountCategory MUST NOT be null when CommitmentDiscountId is not null.
NULL-CommitmentDiscountName-null16,cost_and_usage,FAIL,CommitmentDiscountName,exact,1.0,CommitmentDiscountName-C-004-C,MUST,CheckValue,True,True,CommitmentDiscountName MUST be null when [CommitmentDiscountId](#commitmentdiscountid) is null.,CommitmentDiscountName MUST be null when CommitmentDiscountId is null.
NULL-CommitmentDiscountQuantity-notnull17,cost_and_usage,FAIL,CommitmentDiscountQuantity,exact,1.0,CommitmentDiscountQuantity-C-005-C,MUST NOT,CheckNotValue,True,True,"CommitmentDiscountQuantity MUST NOT be null when [ChargeClass](#chargeclass) is not ""Correction"".","CommitmentDiscountQuantity MUST NOT be null when ChargeClass is not ""Correction""."
NULL-CommitmentDiscountQuantity-null18,cost_and_usage,FAIL,CommitmentDiscountQuantity,exact,1.0,CommitmentDiscountQuantity-C-007-C,MUST,CheckValue,True,True,CommitmentDiscountQuantity MUST be null in all other cases.,CommitmentDiscountQuantity MUST be null in all other cases.
NULL-CommitmentDiscountStatus-null19,cost_and_usage,FAIL,CommitmentDiscountStatus,exact,1.0,CommitmentDiscountStatus-C-003-C,MUST,CheckValue,True,True,CommitmentDiscountStatus MUST be null when [CommitmentDiscountId](#commitmentdiscountid) is null.,CommitmentDiscountStatus MUST be null when CommitmentDiscountId is null.
NULL-CommitmentDiscountStatus-notnull20,cost_and_usage,FAIL,CommitmentDiscountStatus,exact,1.0,CommitmentDiscountStatus-C-004-C,MUST NOT,CheckNotValue,True,True,"CommitmentDiscountStatus MUST NOT be null when CommitmentDiscountId is not null and [Charge Category](#chargecategory) is ""Usage"".","CommitmentDiscountStatus MUST NOT be null when CommitmentDiscountId is not null and Charge Category is ""Usage""."
NULL-CommitmentDiscountType-null21,cost_and_usage,FAIL,CommitmentDiscountType,exact,1.0,CommitmentDiscountType-C-004-C,MUST,CheckValue,True,True,CommitmentDiscountType MUST be null when [CommitmentDiscountId](#commitmentdiscountid) is null.,CommitmentDiscountType MUST be null when CommitmentDiscountId is null.
NULL-CommitmentDiscountType-notnull22,cost_and_usage,FAIL,CommitmentDiscountType,exact,1.0,CommitmentDiscountType-C-005-C,MUST NOT,CheckNotValue,True,True,CommitmentDiscountType MUST NOT be null when CommitmentDiscountId is not null.,CommitmentDiscountType MUST NOT be null when CommitmentDiscountId is not null.
NULL-CommitmentDiscountUnit-null23,cost_and_usage,FAIL,CommitmentDiscountUnit,exact,1.0,CommitmentDiscountUnit-C-005-C,MUST,CheckValue,True,True,CommitmentDiscountUnit MUST be null when CommitmentDiscountQuantity is null.,CommitmentDiscountUnit MUST be null when CommitmentDiscountQuantity is null.
NULL-CommitmentDiscountUnit-notnull24,cost_and_usage,FAIL,CommitmentDiscountUnit,exact,1.0,CommitmentDiscountUnit-C-006-C,MUST NOT,CheckNotValue,True,True,CommitmentDiscountUnit MUST NOT be null when CommitmentDiscountQuantity is not null.,CommitmentDiscountUnit MUST NOT be null when CommitmentDiscountQuantity is not null.
NULL-ConsumedQuantity-null25,cost_and_usage,FAIL,ConsumedQuantity,exact,1.0,ConsumedQuantity-C-004-C,MUST,CheckValue,True,True,"ConsumedQuantity MUST be null when [ChargeCategory](#chargecategory) is not ""Usage"", or when ChargeCategory is ""Usage"" and [CommitmentDiscountStatus](#commitmentdiscountstatus) is ""Unused"".","ConsumedQuantity MUST be null when ChargeCategory is not ""Usage"", or when ChargeCategory is ""Usage"" and CommitmentDiscountStatus is ""Unused""."
NULL-ConsumedQuantity-notnull26,cost_and_usage,FAIL,ConsumedQuantity,exact,1.0,ConsumedQuantity-C-006-C,MUST NOT,CheckNotValue,True,True,"ConsumedQuantity MUST NOT be null when [ChargeClass](#chargeclass) is not ""Correction"".","ConsumedQuantity MUST NOT be null when ChargeClass is not ""Correction""."
NULL-ConsumedUnit-null27,cost_and_usage,FAIL,ConsumedUnit,exact,1.0,ConsumedUnit-C-005-C,MUST,CheckValue,True,True,ConsumedUnit MUST be null when ConsumedQuantity is null.,ConsumedUnit MUST be null when ConsumedQuantity is null.
NULL-ConsumedUnit-notnull28,cost_and_usage,FAIL,ConsumedUnit,exact,1.0,ConsumedUnit-C-006-C,MUST NOT,CheckNotValue,True,True,ConsumedUnit MUST NOT be null when ConsumedQuantity is not null.,ConsumedUnit MUST NOT be null when ConsumedQuantity is not null.
NULL-ContractedCost-notnull29,cost_and_usage,FAIL,ContractedCost,exact,1.0,ContractedCost-C-003-M,MUST NOT,CheckNotValue,False,True,ContractedCost MUST NOT be null.,ContractedCost MUST NOT be null.
NULL-ContractedUnitPrice-null30,cost_and_usage,FAIL,ContractedUnitPrice,exact,1.0,ContractedUnitPrice-C-005-C,MUST,CheckValue,True,True,"ContractedUnitPrice MUST be null when [ChargeCategory](#chargecategory) is ""Tax"".","ContractedUnitPrice MUST be null when ChargeCategory is ""Tax""."
NULL-ContractedUnitPrice-notnull31,cost_and_usage,FAIL,ContractedUnitPrice,exact,1.0,ContractedUnitPrice-C-006-C,MUST NOT,CheckNotValue,True,True,"ContractedUnitPrice MUST NOT be null when ChargeCategory is ""Usage"" or ""Purchase"" and [ChargeClass](#chargeclass) is not ""Correction"".","ContractedUnitPrice MUST NOT be null when ChargeCategory is ""Usage"" or ""Purchase"" and ChargeClass is not ""Correction""."
NULL-EffectiveCost-notnull32,cost_and_usage,FAIL,EffectiveCost,exact,1.0,EffectiveCost-C-003-M,MUST NOT,CheckNotValue,False,True,EffectiveCost MUST NOT be null.,EffectiveCost MUST NOT be null.
NULL-InvoiceIssuerName-notnull33,cost_and_usage,FAIL,InvoiceIssuerName,exact,1.0,InvoiceIssuerName-C-003-M,MUST NOT,CheckNotValue,False,True,InvoiceIssuerName MUST NOT be null.,InvoiceIssuerName MUST NOT be null.
NULL-ListCost-notnull34,cost_and_usage,FAIL,ListCost,exact,1.0,ListCost-C-003-M,MUST NOT,CheckNotValue,False,True,ListCost MUST NOT be null.,ListCost MUST NOT be null.
NULL-ListUnitPrice-null35,cost_and_usage,FAIL,ListUnitPrice,exact,1.0,ListUnitPrice-C-004-C,MUST,CheckValue,True,True,"ListUnitPrice MUST be null when [ChargeCategory](#chargecategory) is ""Tax"".","ListUnitPrice MUST be null when ChargeCategory is ""Tax""."
NULL-ListUnitPrice-notnull36,cost_and_usage,FAIL,ListUnitPrice,exact,1.0,ListUnitPrice-C-005-C,MUST NOT,CheckNotValue,True,True,"ListUnitPrice MUST NOT be null when ChargeCategory is ""Usage"" or ""Purchase"" and [ChargeClass](#chargeclass) is not ""Correction"".","ListUnitPrice MUST NOT be null when ChargeCategory is ""Usage"" or ""Purchase"" and ChargeClass is not ""Correction""."
NULL-PricingCategory-null37,cost_and_usage,FAIL,PricingCategory,exact,1.0,PricingCategory-C-003-C,MUST,CheckValue,True,True,"PricingCategory MUST be null when [ChargeCategory](#chargecategory) is ""Tax"".","PricingCategory MUST be null when ChargeCategory is ""Tax""."
NULL-PricingCategory-notnull38,cost_and_usage,FAIL,PricingCategory,exact,1.0,PricingCategory-C-004-C,MUST NOT,CheckNotValue,True,True,"PricingCategory MUST NOT be null when ChargeCategory is ""Usage"" or ""Purchase"" and [ChargeClass](#chargeclass) is not ""Correction"".","PricingCategory MUST NOT be null when ChargeCategory is ""Usage"" or ""Purchase"" and ChargeClass is not ""Correction""."
NULL-PricingCurrency-notnull39,cost_and_usage,FAIL,PricingCurrency,exact,1.0,PricingCurrency-C-004-M,MUST NOT,CheckNotValue,False,True,PricingCurrency MUST NOT be null.,PricingCurrency MUST NOT be null.
NULL-PricingCurrencyContractedUnitPrice-null40,cost_and_usage,FAIL,PricingCurrencyContractedUnitPrice,exact,1.0,PricingCurrencyContractedUnitPrice-C-004-C,MUST,,True,True,"PricingCurrencyContractedUnitPrice MUST be null when [ChargeCategory](#chargecategory) is ""Tax"".","PricingCurrencyContractedUnitPrice MUST be null when ChargeCategory is ""Tax""."
NULL-PricingCurrencyContractedUnitPrice-notnull41,cost_and_usage,FAIL,PricingCurrencyContractedUnitPrice,exact,1.0,PricingCurrencyContractedUnitPrice-C-005-C,MUST NOT,,True,True,"PricingCurrencyContractedUnitPrice MUST NOT be null when ChargeCategory is ""Usage"" or ""Purchase"" and [ChargeClass](#chargeclass) is not ""Correction"".","PricingCurrencyContractedUnitPrice MUST NOT be null when ChargeCategory is ""Usage"" or ""Purchase"" and ChargeClass is not ""Correction""."
NULL-PricingCurrencyEffectiveCost-notnull42,cost_and_usage,FAIL,PricingCurrencyEffectiveCost,exact,1.0,PricingCurrencyEffectiveCost-C-003-M,MUST NOT,CheckNotValue,False,True,PricingCurrencyEffectiveCost MUST NOT be null.,PricingCurrencyEffectiveCost MUST NOT be null.
NULL-PricingCurrencyListUnitPrice-null43,cost_and_usage,FAIL,PricingCurrencyListUnitPrice,exact,1.0,PricingCurrencyListUnitPrice-C-004-C,MUST,CheckValue,True,True,"PricingCurrencyListUnitPrice MUST be null when [ChargeCategory](#chargecategory) is ""Tax"".","PricingCurrencyListUnitPrice MUST be null when ChargeCategory is ""Tax""."
NULL-PricingCurrencyListUnitPrice-notnull44,cost_and_usage,FAIL,PricingCurrencyListUnitPrice,exact,1.0,PricingCurrencyListUnitPrice-C-005-C,MUST NOT,CheckNotValue,True,True,"PricingCurrencyListUnitPrice MUST NOT be null when ChargeCategory is ""Usage"" or ""Purchase"" and [ChargeClass](#chargeclass) is not ""Correction"".","PricingCurrencyListUnitPrice MUST NOT be null when ChargeCategory is ""Usage"" or ""Purchase"" and ChargeClass is not ""Correction""."
NULL-PricingQuantity-null45,cost_and_usage,FAIL,PricingQuantity,exact,1.0,PricingQuantity-C-004-C,MUST,CheckValue,True,True,"PricingQuantity MUST be null when [ChargeCategory](#chargecategory) is ""Tax"".","PricingQuantity MUST be null when ChargeCategory is ""Tax""."
NULL-PricingQuantity-notnull46,cost_and_usage,FAIL,PricingQuantity,exact,1.0,PricingQuantity-C-005-C,MUST NOT,CheckNotValue,True,True,"PricingQuantity MUST NOT be null when ChargeCategory is ""Usage"" or ""Purchase"" and [ChargeClass](#chargeclass) is not ""Correction"".","PricingQuantity MUST NOT be null when ChargeCategory is ""Usage"" or ""Purchase"" and ChargeClass is not ""Correction""."
NULL-PricingUnit-null47,cost_and_usage,FAIL,PricingUnit,exact,1.0,PricingUnit-C-005-C,MUST,CheckValue,True,True,PricingUnit MUST be null when PricingQuantity is null.,PricingUnit MUST be null when PricingQuantity is null.
NULL-PricingUnit-notnull48,cost_and_usage,FAIL,PricingUnit,exact,1.0,PricingUnit-C-006-C,MUST NOT,CheckNotValue,True,True,PricingUnit MUST NOT be null when PricingQuantity is not null.,PricingUnit MUST NOT be null when PricingQuantity is not null.
NULL-ProviderName-notnull49,cost_and_usage,FAIL,ProviderName,exact,1.0,ProviderName-C-003-M,MUST NOT,CheckNotValue,False,True,ProviderName MUST NOT be null.,ProviderName MUST NOT be null.
NULL-PublisherName-notnull50,cost_and_usage,FAIL,PublisherName,exact,1.0,PublisherName-C-003-M,MUST NOT,CheckNotValue,False,True,PublisherName MUST NOT be null.,PublisherName MUST NOT be null.
NULL-RegionName-null51,cost_and_usage,FAIL,RegionName,exact,1.0,RegionName-C-004-C,MUST,CheckValue,True,True,RegionName MUST be null when [RegionId](#regionid) is null.,RegionName MUST be null when RegionId is null.
NULL-RegionName-notnull52,cost_and_usage,FAIL,RegionName,exact,1.0,RegionName-C-005-C,MUST NOT,CheckNotValue,True,True,RegionName MUST NOT be null when RegionId is not null.,RegionName MUST NOT be null when RegionId is not null.
NULL-ResourceName-null53,cost_and_usage,FAIL,ResourceName,exact,0.991,ResourceName-C-004-C,MUST,,True,True,ResourceName MUST be null when [ResourceId](#resourceid) is null or when the *resource* does not have an assigned display name.,ResourceName MUST be null when ResourceId is null or when the resource does not have an assigned display name.
NULL-ResourceType-null54,cost_and_usage,FAIL,ResourceType,exact,1.0,ResourceType-C-004-C,MUST,CheckValue,True,True,ResourceType MUST be null when [ResourceId](#resourceid) is null.,ResourceType MUST be null when ResourceId is null.
NULL-ResourceType-notnull55,cost_and_usage,FAIL,ResourceType,exact,1.0,ResourceType-C-005-C,MUST NOT,CheckNotValue,True,True,ResourceType MUST NOT be null when ResourceId is not null.,ResourceType MUST NOT be null when ResourceId is not null.
NULL-ServiceCategory-notnull56,cost_and_usage,FAIL,ServiceCategory,exact,1.0,ServiceCategory-C-002-M,MUST NOT,CheckNotValue,False,True,ServiceCategory MUST NOT be null.,ServiceCategory MUST NOT be null.
NULL-ServiceName-notnull57,cost_and_usage,FAIL,ServiceName,exact,1.0,ServiceName-C-003-M,MUST NOT,CheckNotValue,False,True,ServiceName MUST NOT be null.,ServiceName MUST NOT be null.
NULL-ServiceSubcategory-notnull58,cost_and_usage,FAIL,ServiceSubcategory,exact,1.0,ServiceSubcategory-C-002-M,MUST NOT,CheckNotValue,False,True,ServiceSubcategory MUST NOT be null.,ServiceSubcategory MUST NOT be null.
NULL-SkuId-null59,cost_and_usage,FAIL,SkuId,exact,1.0,SkuId-C-004-C,MUST,CheckValue,True,True,"SkuId MUST be null when [ChargeCategory](#chargecategory) is ""Tax"".","SkuId MUST be null when ChargeCategory is ""Tax""."
NULL-SkuId-notnull60,cost_and_usage,FAIL,SkuId,exact,1.0,SkuId-C-005-C,MUST NOT,CheckNotValue,True,True,"SkuId MUST NOT be null when ChargeCategory is ""Usage"" or ""Purchase"" and [ChargeClass](#chargeclass) is not ""Correction"".","SkuId MUST NOT be null when ChargeCategory is ""Usage"" or ""Purchase"" and ChargeClass is not ""Correction""."
NULL-SkuMeter-null61,cost_and_usage,FAIL,SkuMeter,exact,1.0,SkuMeter-C-004-C,MUST,CheckValue,True,True,SkuMeter MUST be null when [SkuId](#skuid) is null.,SkuMeter MUST be null when SkuId is null.
NULL-SkuMeter-notnull-should62,cost_and_usage,WARN,SkuMeter,exact,1.0,SkuMeter-C-005-C,SHOULD NOT,CheckNotValue,True,True,SkuMeter SHOULD NOT be null when SkuId is not null.,SkuMeter SHOULD NOT be null when SkuId is not null.
NULL-SkuPriceDetails-null63,cost_and_usage,FAIL,SkuPriceDetails,exact,1.0,SkuPriceDetails-C-004-C,MUST,CheckValue,True,True,SkuPriceDetails MUST be null when SkuPriceId is null.,SkuPriceDetails MUST be null when SkuPriceId is null.
NULL-SkuPriceId-null64,cost_and_usage,FAIL,SkuPriceId,exact,1.0,SkuPriceId-C-004-C,MUST,CheckValue,True,True,"SkuPriceId MUST be null when [ChargeCategory](#chargecategory) is ""Tax"".","SkuPriceId MUST be null when ChargeCategory is ""Tax""."
NULL-SkuPriceId-notnull65,cost_and_usage,FAIL,SkuPriceId,exact,1.0,SkuPriceId-C-005-C,MUST NOT,CheckNotValue,True,True,"SkuPriceId MUST NOT be null when ChargeCategory is ""Usage"" or ""Purchase"" and [ChargeClass](#chargeclass) is not ""Correction"".","SkuPriceId MUST NOT be null when ChargeCategory is ""Usage"" or ""Purchase"" and ChargeClass is not ""Correction""."
NULL-SubAccountName-null66,cost_and_usage,FAIL,SubAccountName,exact,1.0,SubAccountName-C-004-C,MUST,CheckValue,True,True,SubAccountName MUST be null when [SubAccountId](#subaccountid) is null.,SubAccountName MUST be null when SubAccountId is null.
NULL-SubAccountName-notnull67,cost_and_usage,FAIL,SubAccountName,exact,1.0,SubAccountName-C-005-C,MUST NOT,CheckNotValue,True,True,SubAccountName MUST NOT be null when SubAccountId is not null.,SubAccountName MUST NOT be null when SubAccountId is not null.
NULL-SubAccountType-null68,cost_and_usage,FAIL,SubAccountType,exact,1.0,SubAccountType-C-004-C,MUST,CheckValue,True,True,SubAccountType MUST be null when [SubAccountId](#subaccountid) is null.,SubAccountType MUST be null when SubAccountId is null.
NULL-SubAccountType-notnull69,cost_and_usage,FAIL,SubAccountType,exact,1.0,SubAccountType-C-005-C,MUST NOT,CheckNotValue,True,True,SubAccountType MUST NOT be null when SubAccountId is not null.,SubAccountType MUST NOT be null when SubAccountId is not null.
XDS-invoice-reconciliation,cost_and_usage,FAIL,BilledCost,exact,1.0,BilledCost-C-007-M,MUST,,False,True,The sum of the BilledCost for a given [InvoiceId](#invoiceid) MUST match the sum of the payable amount provided in the corresponding invoice with the same id generated by the [InvoiceIssuer](#InvoiceIssuer).,The sum of the BilledCost for a given InvoiceId MUST match the sum of the payable amount provided in the corresponding invoice with the same id generated by the InvoiceIssuer.
XDS-commitment-closure,cost_and_usage,FAIL,EffectiveCost,exact,1.0,EffectiveCost-C-012-C,MUST,,True,True,"The sum of EffectiveCost where ChargeCategory is ""Usage"" MUST equal the sum of BilledCost where ChargeCategory is ""Purchase"".","The sum of EffectiveCost where ChargeCategory is ""Usage"" MUST equal the sum of BilledCost where ChargeCategory is ""Purchase""."
XDS-billing-period,cost_and_usage,FAIL,BillingPeriodEnd,close,0.707,BillingPeriodEnd-C-004-M,MUST,,False,True,BillingPeriodEnd MUST be the exclusive end bound of the billing period. (Non-overlap follows from the bounds; it is not stated.),BillingPeriodEnd MUST be the exclusive end bound of the billing period.
XDS-invoice-orphan-cost-side,cost_and_usage,FAIL,InvoiceId,unmatched,0.272,InvoiceId-C-005-C,MUST NOT,CheckNotValue,False,,"Amendment A3.2 assertion 2: orphan checks run in BOTH directions; a cost-row InvoiceId absent from invoice_detail is a hard failure. (Follows from the BilledCost reconciliation identity, which is unevaluable against a missing invoice.)",InvoiceId MUST NOT be null when the charge is associated with either an issued invoice or a pre-generated provisional invoice.
XDS-period-pair-match,cost_and_usage,FAIL,BillingPeriodStart,unmatched,0.291,BillingPeriodStart-C-001-M,MUST,TypeDateTime,False,,Amendment A3.2 assertion 3: every BillingPeriodStart/End pair in Cost and Usage matches a billing_period row. Compared at civil-date grain — never through session-timezone conversion (Stage 6 finding S7).,BillingPeriodStart MUST be of type Date/Time.
XDS-correction-discipline,cost_and_usage,FAIL,ChargeClass,unmatched,0.383,ChargeClass-C-004-C,MUST NOT,,False,,"Amendment A3.2: a Correction row references a previously invoiced (Closed) billing period, and the invoice line carries ReferenceInvoiceId. (Follows from ChargeClass: 'correction to a previously invoiced billing period'.)",ChargeClass MUST NOT be null when the row represents a correction to a previously invoiced billing period.
XDS-eligibility-universe,cost_and_usage,FAIL,CommitmentDiscountId,unmatched,0.258,CostAndUsage-D-013-C,MUST,ColumnPresent,False,,"Amendment A3.3: coverage is measured against coverable spend, eligibility taken from the x_CommitmentEligible flag seeded in the data; rows without the flag are disclosed by era, never silently treated as ineligible.",CommitmentDiscountId MUST be present in a FOCUS dataset when the provider supports commitment discounts.
